-75.61384,-16.205109
-76.154816,-15.594111
-76.14272,-15.610773
-76.77309,-14.323266
-75.95564,-15.840245
-76.67019,-14.612515
-78.08802,-9.415377
-77.557434,-11.603533
-76.715256,-14.485502
-77.29954,-12.623825
-77.24676,-12.763433
-76.25824,-15.442616
-78.28853,-8.321438
-76.41802,-15.15099
-77.2151,-12.854665
-76.82934,-14.116264
-78.76097,-3.9740496
-78.54179,1.6594537
-78.20963,-8.904077
-77.16668,-13.178317
-77.23241,-12.808259
8.7215,1.9822724
-77.051445,-13.500561
-77.45952,-11.991641
-78.372055,-8.47615
-78.368286,-8.4030075
-78.7091,-0.03875849
-78.06965,-9.483693
-71.15579,16.94432
-78.59866,1.2314878
-77.352585,-12.402826
-77.62807,6.0682683
-78.06298,-9.513696
-78.65614,-5.2609863
-77.78886,-10.657093
-76.85396,-14.043991
-78.803986,-3.1023362
-78.755745,-3.987758
-78.781105,-1.5959034
-78.42344,2.403686
-78.11792,-8.578528
17.112211,12.7454815
-78.0043,-9.776335
-78.423355,-7.3807425
-78.63875,-5.425527
-77.24808,-13.049636
-78.73508,-0.47057927
-78.80404,-3.3662314
-77.87115,5.176093
-76.69646,-14.530009
-78.41775,-7.4306984
-69.48258,17.616804
-77.05104,-13.511344
-76.57005,-14.845498
-75.75338,-16.057362
-76.99634,7.9437346
-78.311646,3.036292
-78.7157,-4.6509924
-77.36858,-12.346572
28.422318,-21.311335
-78.75086,-4.183896
-78.80129,-2.9219148
-74.607124,12.817485
-76.5266,-14.931449
-77.47922,-11.917755
-78.11187,-8.547111
2.6651893,-14.4829645
-78.65845,0.6307781
-32.304314,9.599816
-78.742836,-4.281195
-78.771225,-3.7272472
-78.77875,-1.507294
-78.01867,4.5385275
-77.33722,-12.459436
-75.77518,10.818716
-69.32552,17.942331
-78.77284,-1.3223938
-78.21311,3.5627708
33.574585,16.31042
-77.02263,-13.538105
-54.76152,9.870589
-78.628914,0.94379246
-78.650795,0.72598594
-77.02703,-13.258008
-78.84707,-3.905429
-71.26198,16.618418
-78.15972,3.837116
-78.52045,1.8028972
-78.357,-8.698104
-77.961876,-9.944975
-56.23448,15.692032
-78.75916,-3.9399376
-77.715225,5.7703724
-57.30342,17.033556
-76.04038,10.265115
-78.28711,-8.213424
-78.56474,1.499898
-58.197144,17.659601
-37.259216,-20.082602
-75.715576,10.950363
-78.75841,-0.898138
-77.61403,6.11749
-54.19129,2.1888003
-72.57693,15.374029
-63.231434,19.783194
-78.334114,-8.730277
-75.67417,-16.14149
-78.759544,-0.9647714
-54.476143,-5.4250255
-70.39408,17.816483
-78.42071,2.420108
0.46292156,-16.507887
-74.86032,12.432422
-77.82039,5.3869195
-78.80143,-2.8039482
-67.98696,18.711014
-76.76013,8.592044
-63.717842,20.198868
-59.867195,18.944109
-78.09628,4.1568666
-74.32435,13.246336
-32.168667,8.722812
-78.79616,-2.2414963
-54.058884,-6.6869955
-72.37086,15.60796
-74.710495,12.656625
-51.0672,-12.968524
-77.07481,-13.487585
9.564083,-11.397829
-78.17456,-9.000691
-76.83181,8.40005
-78.71717,-0.15756626
-54.74823,8.874683
-73.05754,14.753919
-72.10252,15.936581
-55.93553,15.207507
-63.855995,19.967234
-47.37503,-19.290068
-74.125885,13.527981
-23.79402,12.926604
-63.2797,20.220264
-77.50403,6.467925
-54.76173,7.2194815
-78.305115,-8.199413
-24.434458,9.800478
-76.25926,-15.440661
1.4305466,12.096522
17.804256,-2.6178153
-71.53279,16.571768
-78.60871,1.1631138
17.912117,-26.514507
-24.20109,12.4823
-78.79607,-2.2360184
-77.30734,-12.58204
-69.59443,17.82053
-77.85467,5.2402697
-55.05025,6.245869
-55.40428,-1.9567231
-78.78917,-3.549999
-78.563644,1.5062298
-54.130985,7.7245593
-33.27666,0.082345404
-73.30194,15.021844
-52.05784,-14.264116
-54.37483,-8.891378
-24.386806,14.382715
-78.74091,-0.56517965
-59.020065,18.60454
-54.69937,-1.8185278
-65.97066,19.21078
-73.859695,13.957667
-54.41452,-1.5418389
10.724643,-5.5750546
-31.187458,-11.924726
-32.563335,1.1467682
-52.806988,-11.802017
-78.0844,-9.4098625
-63.17353,19.634014
-60.224785,19.284853
-31.97638,-7.9674335
-55.717358,-0.8801876
-60.279823,19.227737
-77.87322,5.1711206
-52.889793,-7.269691
-31.461802,-0.18150097
-68.62223,18.455685
-77.83938,-10.455843
-53.78843,-6.2000213
-54.867493,1.5594302
-53.412926,-8.742127
-77.96598,4.7711124
-55.47137,13.854309
-52.81261,-9.119584
-56.340195,16.032562
19.760693,25.138294
-53.452538,-9.949339
23.544247,30.140316
-73.26286,14.581226
-54.240135,4.1297545
-56.818745,16.760378
-75.57013,11.252068
-75.52745,11.339409
-40.97156,-17.300694
-33.686275,-6.7670836
-54.77143,9.2240715
-37.545494,-18.575142
-54.265198,-9.141978
-55.74976,15.136417
11.90186,-4.748161
-78.106674,4.1068296
-55.4679,-6.6039085
-55.3471,13.82334
-78.62848,-5.5220175
-75.41549,11.504682
-54.17743,-1.1562568
-78.43079,2.3626258
-30.323078,12.353051
-33.550613,6.178256
-46.135815,-17.173113
-77.927155,4.9401865
-32.444496,2.5485992
-78.699936,0.10224903
34.735973,19.722164
-55.140617,6.1109157
0.036535542,-9.336224
-45.256676,-20.331255
-50.70446,-14.610918
-76.57537,9.060406
-54.308372,-3.248869
21.123533,-14.701838
-46.577187,-20.170435
-59.081326,18.726913
-54.876343,-4.810216
-70.82907,17.08484
-74.3145,13.255496
-75.389366,11.541332
-74.81748,12.499604
-68.84629,18.307917
-66.71898,19.252804
-0.053465288,8.710674
-66.02194,19.66701
-53.50591,-4.240035
-58.438385,18.32696
15.036912,-11.380482
-42.00107,-20.455719
24.515102,-0.9225061
-31.122253,10.891463
3.4702315,12.836158
-34.23117,-8.668352
-44.32823,-20.896734
-34.066998,-13.850975
-28.578411,-0.34519318
-63.23265,19.87985
-28.117638,4.2999053
-7.533232,-18.855572
-75.20702,11.865639
-54.14153,4.623854
-55.43375,13.42893
-53.999874,-3.7091959
-66.776085,19.281075
-27.670444,9.739686
-69.68173,18.114275
-55.06073,-0.5377286
-46.136814,-16.741518
-41.524166,-20.202694
-32.30906,-6.863316
-30.58013,-3.1219943
-13.348675,-5.446756
-77.14643,7.5218363
-55.088295,-8.088438
21.34457,-8.651549
-54.1436,-4.5705957
-75.846214,10.654466
-76.63882,-14.688327
-11.528852,-4.967075
-60.01551,19.336306
-28.816725,-0.020172725
3.7641244,0.5319738
-29.364428,13.758271
-36.017998,-19.763426
-40.00664,-19.85626
-55.327137,-7.4780345
-70.80607,17.119562
-70.08216,17.760073
-7.603335,-13.539558
-23.76326,15.218569
-53.090374,-10.75895
-54.35008,4.171184
-59.85998,19.23616
19.694065,-6.475496
-34.568897,-11.468948
-55.27335,13.336445
-66.295746,19.354551
-43.61335,-20.07308
-49.592262,-16.643135
-50.48941,-13.590281
23.006697,-14.163539
-60.229527,19.146225
26.084467,4.337616
18.980732,-23.15348
-37.715115,-21.03134
-41.715996,-17.830364
-30.620977,1.5224477
-32.784042,-10.871382
-54.410934,-0.5647808
-54.348976,5.1906576
-54.978973,4.9399376
-74.20834,13.430189
-75.95227,10.468519
-72.76966,15.213035
-55.416782,-5.935336
-76.049904,10.543527
9.765253,-5.215865
-55.032074,3.1471777
-45.47067,-19.406982
-39.60064,-19.698572
-34.04465,-17.346495
30.954123,-16.032368
-32.301956,-5.71703
-53.56384,-6.2326603
-33.113194,-7.2583976
-52.444073,-12.96283
-39.586987,-18.50457
-52.25703,-9.810557
-56.86131,17.47563
-33.25952,-8.740061
22.590342,3.4326143
9.997538,9.292697
-51.79259,-12.850986
24.998123,15.432256
-26.884396,10.885581
25.255857,1.564605
-61.60075,19.64092
-76.293976,9.72479
21.096231,5.317424
-54.537186,1.1685373
-54.6113,2.9471426
20.911833,-12.394173
-53.668354,-8.660624
17.758753,-1.1460663
-66.40568,19.869686
-42.609833,-17.990252
-29.1633,-3.4921863
20.492292,21.273699
-73.18967,14.749392
2.1665807,16.620588
-68.786125,18.1783
-54.482166,4.9706364
22.559439,-4.0327716
28.01789,7.7709026
-54.66228,-4.2775226
12.975684,-13.396965
-45.55237,-16.993002
-54.837463,1.7457104
-36.74548,-10.01211
-27.31566,14.018783
27.93469,14.061034
-25.278414,9.964343
-73.79568,13.957798
-70.15439,17.478611
-35.727234,-15.036035
-59.589462,19.146255
-31.747734,6.224291
18.268738,20.677027
-56.71144,17.098885
-48.3193,-16.711369
26.105207,19.105476
38.651627,17.044306
-62.90728,19.745378
10.769491,-19.63259
44.790333,3.9608588
9.119862,10.676241
-56.49389,15.994004
-55.476173,13.933932
5.043815,-9.773314
-66.869934,19.267889
-35.265293,-1.9378458
-29.920362,8.319752
13.923756,13.965697
-4.244749,18.48299
6.670036,22.35126
32.907776,-19.063591
-54.798782,4.9695463
-37.28057,-16.432764
-41.087257,-21.964134
-71.64861,16.341164
-15.719542,3.4993067
-54.384617,-6.377238
6.3282886,17.598421
-77.49795,6.4923177
-31.436413,-11.159275
-3.3269813,-3.4924908
14.646548,-6.143553
-55.152252,12.686246
-57.222145,16.915215
-55.510887,-1.5458823
-54.11388,8.191976
18.956985,9.694374
10.554011,-14.270758
-72.520355,15.451258
-70.00613,17.344374
6.709434,-24.559319
26.44816,-1.4207355
-30.449186,-1.0928123
-55.072205,12.124826
38.02264,9.977591
-44.72422,-18.019459
-77.07134,-13.330492
-23.503101,15.554137
-53.873478,-3.3938498
-53.249798,-12.620514
-0.851509,-19.997036
12.42742,0.28091788
-31.821934,4.5549746
-62.34525,19.861485
-54.039364,-4.0878015
11.991377,23.691534
-57.809334,17.802095
-31.289043,-9.555111
30.303762,10.59837
13.635206,6.7343707
-57.814182,17.420815
-29.305944,6.9925814
10.964602,8.245433
-15.718368,3.5042243
-55.041527,5.1433997
-40.41649,-16.651388
-34.94716,1.6559957
-53.5779,-3.8567019
-34.808384,-7.592614
-7.558857,25.71462
-54.93486,-5.5751586
-40.14927,-16.829842
-51.093266,-15.003979
-53.507275,8.6823845
-38.64736,-19.891993
4.7985106,3.274579
-78.41178,-7.4708147
31.143682,9.563917
-50.42069,-14.876893
-45.44884,-19.682615
-3.297207,-18.443222
-38.317463,-17.554026
-55.052223,8.556516
-20.075861,12.095242
1.1313423,18.005411
22.325775,9.484661
4.4068203,4.6009088
24.994886,-10.402174
-44.800747,-16.56979
-27.928654,0.59238523
11.879145,-20.498125
37.78882,2.283967
-27.113134,11.700343
-76.65123,8.865044
15.359008,13.694843
-28.761585,3.6188216
-61.3048,19.543344
31.920446,5.8729115
-34.60158,-6.2549453
-29.72722,1.7199674
-24.585836,9.617253
2.3443916,28.653631
28.648218,0.40436092
32.897552,18.508211
-35.27441,-10.004405
17.110718,-19.032791
-25.490818,11.40656
-54.7897,0.39795563
26.92666,2.5400825
-55.238922,-6.6486597
-1.8511976,-16.608728
1.5929782,-9.6467705
-49.650696,-16.803957
-73.90899,13.819016
-44.27046,-20.039314
16.269314,10.872643
-54.929546,7.7771115
4.3623075,18.890133
22.613575,2.82037
22.928019,-2.8217568
26.537323,15.931918
-55.095715,-1.081574
25.97855,7.4824033
36.583252,17.609198
-30.301937,0.550458
-56.402466,15.986136
-55.7726,15.930222
2.783669,-27.246208
34.472885,-5.692701
-32.113033,-1.3829153
-77.61673,-11.355438
-32.14203,-8.879541
-31.980831,-11.861428
-66.64346,19.253908
-55.039436,0.04292951
-30.160679,4.2021317
30.459757,16.848791
5.0379386,-8.0189905
6.6119137,28.621538
-72.18199,15.775122
-54.15195,7.810427
-34.72274,0.14675294
15.60369,3.9036586
-57.489742,17.714672
19.802414,1.3522749
21.914118,-1.2364266
11.574941,21.691278
20.36001,12.591636
-54.72494,-1.8171
-51.79913,-14.342525
16.139029,14.884446
6.6292033,-24.573757
31.489021,14.806609
43.154396,-11.850207
15.28674,-15.433135
-55.13502,9.75114
19.26566,-9.153248
-31.54758,3.606392
-24.43198,8.383017
26.801592,9.434813
-29.362953,-1.110036
-77.39893,6.8103137
34.307415,-12.879547
12.459973,20.77648
39.488167,-9.24274
-33.428238,4.3823957
29.410776,-11.162225
-20.928707,13.369736
-0.61011946,1.6833767
-54.372078,0.29262534
9.426337,-3.694766
-24.321125,10.130724
-24.732841,9.4599495
-78.45466,-7.1062684
-29.515007,7.6911397
-76.545586,9.133833
-15.02152,1.5134226
32.06118,-7.896936
1.3101794,9.878422
25.673935,-14.118912
-69.920425,17.197035
-31.904955,-10.003999
22.47576,-17.026302
-11.282285,8.277042
22.389652,-17.73302
31.776108,-9.699981
-51.75023,-11.357079
-57.41228,17.723816
-56.2601,15.878853
10.837166,-3.6181157
-26.98943,8.154909
13.980665,-9.185809
-55.452003,6.6228814
-49.338852,-17.725046
-29.170843,9.357261
15.760398,1.4438847
9.580544,8.015779
-75.66989,11.030194
26.36285,5.925725
-49.748455,-17.17179
-68.9106,18.245098
-57.781944,18.079226
-29.638783,8.49476
-33.67019,-7.068531
19.550966,-24.90422
19.367859,6.254836
-53.547783,-0.47699258
24.123667,-4.642804
-47.99454,-17.989746
14.266706,31.825481
-55.454945,13.644576
15.312606,-20.938461
-6.7352214,-17.403059
-53.735683,8.476258
-50.459385,-16.068266
5.506414,7.7478614
4.4353833,28.036604
-49.648365,-15.964171
22.230564,3.0091763
-55.08849,-4.0386753
-36.539608,-17.265438
3.6482093,25.667126
-53.72557,5.9789066
-44.094334,-20.18181
-55.957146,-7.158647
-29.120668,-2.975202
-1.5267447,-23.001532
-54.45032,7.977518
-42.02798,-19.171856
-78.604675,1.2003505
-56.172794,15.144386
-55.27261,12.865208
8.559448,17.629375
-55.196484,9.455504
-78.54768,1.6187924
-36.90298,-18.35321
10.716022,-3.9567826
-37.12366,-19.185219
-6.5499086,-17.290756
8.241272,15.719146
26.262228,-24.585499
-55.28117,3.3905725
-53.99448,-1.7708489
-0.2654411,27.304628
-57.09066,16.853413
42.3926,-5.523248
-31.405249,2.4558005
-45.73912,-17.92262
-30.45313,11.255123
12.540372,-10.125551
23.784029,12.556142
-56.27818,14.949135
-33.581177,4.044227
8.684011,0.28304124
31.850386,-22.355104
22.721083,-13.623087
12.5427685,8.261491
14.343053,11.291749
-29.493387,9.804854
9.208427,-15.186115
-78.62985,0.93268245
-64.192444,19.841423
8.855061,-9.091394
10.278386,18.162436
-4.3168483,-19.702316
-26.838224,9.119576
12.31309,-27.972775
13.901359,-30.706726
31.748093,-4.3127813
-1.15266,3.4150202
9.523154,-3.4488134
-37.66544,-15.884754
33.841274,-10.548611
-51.896996,-12.35778
4.2875557,-10.957981
25.009962,2.855112
-33.3674,3.0620146
-78.33196,-8.014798
-4.5693693,-4.360142
-0.20154892,-2.9108534
-11.626234,-8.372793
12.857131,3.3487391
-50.525013,-14.235713
-53.30682,-9.162696
30.847775,-0.21228622
10.964373,7.501519
-40.56767,-18.874569
28.26883,6.9907775
28.596708,-3.5830212
-55.041138,8.812857
20.552208,8.371448
-2.5207913,14.590817
-54.501846,10.474858
-33.502197,-0.85712284
-36.002857,-5.751329
10.838762,9.464025
22.070215,-1.0067466
-54.03943,-2.3529189
1.5547704,3.9376106
-30.726948,0.101560056
-0.12633872,7.9746914
-29.459852,-7.481235
12.118216,29.84997
6.685302,11.056849
30.638367,13.305852
-5.6464276,-4.2476454
10.063265,-13.642452
15.161759,-21.473722
1.7815993,22.421019
15.012916,-10.9963875
-55.10401,7.686576
35.936256,-9.652192
-56.80748,16.656378
-28.314928,11.544484
17.391596,4.5416474
21.597189,-29.720379
30.801632,9.3031025
9.228733,-30.173853
8.758976,-17.142101
-60.341522,19.19895
24.744873,9.394198
37.85975,13.482623
-4.6230254,5.3898826
-54.230938,9.308068
-55.63154,15.74189
-4.3101907,-20.169174
36.702282,6.4058065
-0.15321876,7.9382453
-40.409954,-20.501938
-55.78993,-4.9356885
-28.562687,11.542123
32.984856,-9.661628
18.747389,-2.9945126
4.4111347,-13.337256
31.572666,-2.513174
-32.70966,-13.731439
-40.51141,-17.895588
-37.60126,-15.453163
-35.725204,-13.127047
17.493313,2.384758
-66.993805,19.06307
23.247005,12.653185
-29.673332,8.158331
-50.95538,-16.476217
-78.73264,-0.4203307
24.554575,-29.235155
-47.60811,-18.49321
-6.2716494,3.375449
34.7988,-0.2793243
0.33393377,16.654678
25.906498,25.77474
-54.299664,3.310251
-23.399878,11.407523
1.4226494,-15.674287
23.753542,0.8489775
27.054533,-7.1060514
12.446698,-19.217361
-30.433014,6.7837114
-29.643312,6.355344
40.949814,-2.8888524
-41.808933,-18.005238
-8.291617,-6.4427457
9.161369,-18.723623
-0.08797064,-17.795988
-29.674517,1.9046799
13.591128,-15.517799
-1.9595188,-2.9104023
3.128765,-2.6257794
7.7542233,2.4622183
2.2588787,20.015759
2.0806217,19.631052
-26.230776,9.464345
27.251678,12.912079
-53.30984,-11.528017
-32.227325,-11.878109
38.02356,-1.7876741
-78.12792,-8.661251
19.242197,20.015764
-76.168625,9.991312
-39.60596,-16.973974
2.0948768,8.7369795
-19.81524,15.10001
-30.608099,2.5939448
-28.766514,5.634778
-5.5691576,9.152164
30.646849,6.378216
0.47764984,-21.215427
19.054876,-12.39155
-15.730261,12.311349
-24.118286,10.784508
28.30564,16.619783
-33.332527,8.028148
14.988047,-15.393629
1.5896906,-20.094698
43.519966,7.9610157
-42.995144,-19.243765
1.6205184,-1.0186563
-3.7694461,0.47960684
27.499008,-12.9741
-25.947369,9.658755
19.328987,-4.7343483
-53.67869,4.9689865
29.156408,-5.392918
-28.551704,10.370728
-52.542618,-6.5980053
13.6016655,-15.9690485
9.521108,-5.1085124
-2.6832495,11.584935
41.94594,-18.186073
10.158353,-8.666633
-33.26865,-12.758079
8.504318,-9.146593
-30.427917,9.5057
-36.493706,-7.4265504
-55.4738,0.05001068
-77.47081,6.577978
-31.132626,-6.8961267
9.313019,4.698037
21.580225,9.420651
-3.9754622,-3.9498851
-63.992332,19.844713
34.48988,-13.231198
7.9266405,18.89646
3.0543501,3.5511582
22.253998,23.534369
24.480614,5.6217093
10.190555,0.4971006
17.05446,-22.73327
7.455863,4.369938
-38.27573,-20.6615
-55.001816,8.567753
-54.342358,-9.970207
6.19291,14.385413
0.85547733,13.448544
10.950904,-22.099443
-73.411644,14.501986
23.895899,-18.172636
-17.002028,9.931177
-46.49374,-19.890533
13.2873125,-22.289011
-2.3091054,-8.516398
-2.504525,-6.7667503
-33.26721,2.995856
33.066658,23.3686
-31.358206,1.3290386
22.230162,-10.457466
-2.1540737,2.8671236
9.759649,29.072659
-78.808044,-3.2436032
-50.161156,-15.82111
3.761288,-23.874298
4.7957673,10.320996
11.968921,-8.117041
-54.131454,-10.449031
-54.68735,-2.4117928
13.549568,21.69003
26.139154,-14.248598
-31.095234,10.828939
-43.955368,-17.893934
-30.058977,11.094406
-30.836695,-2.2233489
-0.1908799,-25.039875
6.578525,-20.688383
38.849,17.883183
19.504065,28.925123
30.920795,18.334972
-60.529606,19.288788
40.48979,-12.327531
6.4032507,19.541636
-37.613174,-15.267203
-31.549292,1.9535568
3.3562484,30.908186
-34.452976,-14.287145
-53.849228,6.3886037
6.9236846,9.671128
29.925917,-9.184033
21.242006,-4.9734693
12.159173,-11.90598
-31.718859,-8.733018
17.656878,15.9916935
-32.342762,-2.8618026
-36.776806,-14.156048
-10.650053,-0.15567797
-4.748188,-1.9172238
-2.991719,-6.5051093
-78.8058,-3.2410536
-77.72901,5.72031
17.277407,14.66018
2.786847,18.36872
16.916359,-0.19274928
-33.619812,4.367558
-13.782991,12.808931
5.407606,7.669451
-27.544882,9.439259
1.3134463,-10.1677475
-35.89663,-5.725444
-28.586153,3.045296
-0.6219906,1.691097
12.305777,-27.303827
-18.72164,11.60085
-2.0833528,-0.17532645
17.073505,-14.989416
-5.274427,-7.3049984
-33.40407,8.337701
-54.434982,10.458711
26.961863,31.693182
12.935393,14.60288
-30.526844,-0.18323235
12.582034,-11.573379
20.932665,-10.660754
-3.662231,-4.476622
-4.0215044,-5.9756994
10.690739,-9.924402
13.184656,-8.06273
21.395906,-5.422545
-0.1382786,3.59255
-25.79539,8.975773
30.953508,-2.4767892
28.876656,-14.571279
23.345148,27.239546
-46.340214,-19.973427
8.033289,-4.518867
10.552518,3.546886
-30.453512,-4.1122646
-52.496998,-9.782368
12.241257,-9.013228
-27.442698,5.8365293
28.659546,-6.526244
0.4766525,-30.21024
21.413689,-7.6527042
33.322155,-3.7180736
-28.153856,-1.106033
13.005805,18.28264
11.91215,12.82496
27.879446,22.841722
6.826941,2.434605
25.695442,13.812929
8.958258,13.951115
-44.323723,-19.43516
-13.431221,-2.7824523
-59.38162,19.066118
-31.314253,7.3101354
13.655733,1.7809893
38.860386,10.382037
-58.39626,18.030155
33.22283,2.4791343
-33.57961,-5.259141
-32.221367,-13.419014
35.506653,19.873821
33.80036,-10.777486
-33.112682,-10.020074
-55.695408,-3.406324
-36.197292,-18.212315
29.890278,-6.4304733
38.093197,-8.559299
0.13459355,19.11759
-37.848747,-18.29104
-68.957016,18.454912
-58.536465,18.51011
-49.941578,-14.558448
-4.0968685,-8.508688
-33.142036,-0.40312076
-75.01795,12.174816
25.911222,-0.67636514
-36.600704,-16.707363
-77.661385,5.9573455
34.260765,-0.7069352
-24.519468,12.349943
19.00079,15.980864
17.258219,18.282888
-38.82073,-15.785382
20.062016,13.954154
35.08651,-23.434248
34.111454,16.060644
32.400757,22.769476
-32.643265,-9.715314
-71.397224,16.662937
16.263018,22.637978
8.215447,-10.836242
13.415374,17.02528
-4.676033,26.714966
30.279207,3.2344992
33.013382,1.1103514
16.755083,-3.3170283
-34.05832,7.614721
42.658928,5.4303265
-33.28205,0.6466043
19.907537,-19.451296
21.232134,5.398721
-44.62806,-19.179382
7.694108,7.23879
8.542075,8.415192
-35.088867,-11.782051
-47.97108,-18.2661
6.763932,15.762662
-33.919067,-4.880757
13.35595,23.851614
45.077026,-7.130324
21.318449,4.8516984
5.7544994,-6.153099
29.33838,4.397535
21.453903,-12.582365
5.018394,-16.512651
2.1180732,-2.7438433
-34.588737,-10.241371
-31.963055,-12.279501
42.02619,-8.873778
9.83337,5.352885
11.05751,32.255825
41.999294,-15.330836
-25.37189,12.906801
-30.527822,-4.9835706
18.83131,-9.467034
7.5121093,0.68713796
15.558586,-2.837722
4.5353546,-18.363766
-35.805958,-16.534012
-31.645426,-4.0659556
3.5028179,25.326942
31.76938,-12.129592
19.309492,5.535502
-2.7323372,0.24984019
20.400755,18.873173
21.165972,-14.745776
41.625187,12.066911
-53.723072,-9.494971
15.105941,5.8178873
-31.491568,8.636239
-34.480568,-14.661009
17.217651,-3.8249288
10.908768,4.8160114
30.573738,-0.27125373
-31.972961,-14.279058
-30.800623,-10.474118
21.659374,10.787873
-2.6581516,17.832853
18.758678,12.895488
17.54966,1.0182627
15.251373,-17.294016
28.50536,26.866898
18.445318,23.35029
6.290861,19.048862
7.9188423,-3.1158826
-3.8213959,-16.357542
1.8623543,1.795018
25.486696,1.1425098
23.194414,21.429409
30.673367,3.1433663
42.133465,-8.916725
-6.349176,12.764661
16.185417,-8.8464365
17.751335,-12.611654
-26.46504,11.01728
29.940289,7.0100923
-33.658768,-14.314587
6.3481,-6.5189905
-36.187473,-13.362095
22.22938,-16.542143
-33.449097,9.534419
-30.767406,-5.1960516
-66.2703,19.42837
46.26502,-7.1377616
19.942562,8.978668
11.993459,18.771523
-35.067,-6.1209545
-7.561034,11.298973
19.648527,-0.4522331
37.753212,13.640196
4.3896465,18.587326
27.847364,7.604037
-25.451618,14.510447
-15.215192,-0.24417274
23.761982,-21.22814
10.251539,-6.786268
-33.65662,-2.750224
18.644306,13.980828
-49.20019,-16.041656
-33.704525,1.9767185
13.881323,27.809784
13.638695,-18.92099
32.803135,-19.1892
-31.721746,-1.1987368
13.885121,-13.324535
24.99189,-23.642704
17.73179,-5.8106847
13.381429,-4.467007
4.6139107,-6.370963
-30.484566,-1.5957693
-10.825237,-2.8824522
11.879823,-4.790278
12.793866,-19.971212
-30.354729,7.695897
-1.6669942,-18.260023
46.304863,7.0603747
23.70431,8.008503
24.15134,-15.694084
0.11634005,-4.339787
32.509495,-9.8202715
-48.665276,-14.932047
41.17128,6.480301
-28.99549,4.499226
37.888527,-12.24788
-78.77031,-3.875393
10.592695,-1.4080641
10.701872,2.5330472
-31.48446,11.075856
19.75855,12.870889
22.917606,-26.310715
-30.594358,-11.95698
-78.632706,0.89441854
1.5352939,-2.7880511
-7.537196,25.759043
20.642538,4.1576385
-37.960266,-19.70813
5.4822125,22.57893
-8.1800995,14.290477
-14.891195,-6.499279
-2.3901732,3.6236107
-49.94217,-15.702183
16.650278,1.2851938
29.801655,-9.656229
-32.735783,-15.882083
11.906202,-20.462748
-75.80613,10.769193
15.882941,25.962854
-3.9032907,7.8143306
32.07173,-0.9484839
-56.95259,16.872694
31.906202,7.925586
16.357313,1.820854
-32.783287,2.9835427
13.274897,-17.889929
27.499607,-1.1593106
35.488922,11.16156
-11.441542,11.748732
-9.5588255,6.693139
15.71514,-30.736372
13.782141,-1.93182
12.34771,-11.778395
-55.436127,-3.9034104
-24.236126,10.84349
-46.714832,-17.897108
-29.514042,-0.049368657
-30.303171,9.632522
24.722788,17.727781
32.616722,-0.7354819
27.299004,-15.304716
6.7644234,-19.154325
-36.322357,-16.13147
13.440017,23.793556
13.205412,11.871695
-32.358986,-5.701617
-30.709946,4.719806
12.408825,-14.8767395
19.471125,25.095089
27.08077,10.80322
-6.133357,0.66219944
10.831398,27.59852
-52.057274,-13.056092
36.420864,-5.227783
12.213718,11.244255
12.016874,3.7566147
23.57627,-10.2090225
7.821625,-8.050339
-4.729683,11.161212
-3.633801,20.516258
26.311811,-7.2560143
13.722911,1.0185597
-76.6343,8.914019
39.66599,7.450376
-33.685448,-11.517856
-10.384783,8.9797945
-26.865166,8.355018
-53.942318,3.2337806
-57.720387,17.52766
33.218098,-15.512435
3.3797398,6.49401
1.8152121,-9.44983
-43.812233,-19.221445
18.620026,8.051053
-31.51063,8.112097
-78.80302,-3.0954685
-55.09513,-8.505449
1.1866139,-5.313674
-33.388718,-8.069438
1.1940784,7.307228
6.1210933,-14.471835
48.88816,2.8318572
-3.7415228,5.679243
8.647274,-1.1957417
-54.46698,8.215904
8.492263,-12.637771
9.660562,17.988758
35.72321,15.898893
-9.644844,-9.043976
-43.81865,-19.087631
-45.2641,-18.5556
22.949284,10.011495
6.015033,0.0744762
28.306486,-1.9157641
15.16104,-0.7615241
-60.702766,19.460213
32.483818,21.777754
31.02934,-20.290836
-36.428326,-12.157228
-50.970684,-13.601897
26.988054,9.111237
-3.4784217,-9.567358
19.118614,6.5567937
14.320506,12.256827
15.391408,-1.7048904
-32.268173,1.192944
-32.195393,-4.774507
20.981398,15.299229
-39.572285,-20.600792
28.414078,2.94922
1.3200443,-11.75704
-29.167122,7.1040683
21.60531,-15.987628
-33.294086,-1.3768586
-36.397793,-7.5791497
-49.46311,-16.820332
-11.127637,8.766602
24.68511,4.7923684
37.72753,-24.064276
-8.037266,-21.606306
-48.44829,-17.02364
26.34316,-2.9693794
36.838352,-4.510142
-26.32156,11.27269
-31.420145,-7.6207414
-7.050189,-13.099257
18.498425,-9.560648
-62.730507,19.755234
-44.28859,-18.497099
6.8934174,-17.573004
-23.645502,15.358636
17.165506,-2.3411512
15.957208,25.915237
-44.18936,-21.595148
-1.1788416,1.6969967
-77.43385,6.6873136
23.197128,10.4883175
35.934555,8.584895
-25.93936,12.28855
24.852863,5.3355527
-36.358055,-8.597319
42.141064,-5.4723005
3.1028075,4.7214026
-33.49708,-3.1332538
6.7011323,16.52769
23.700888,21.250628
24.236322,-7.496687
17.29471,-9.052766
-37.550762,-18.16211
19.626032,-6.2754602
18.53718,23.282352
-41.124947,-19.093863
-4.665193,26.716944
-0.24463502,-5.67336
-7.7240305,5.5030155
4.6565647,-8.386176
3.961741,-18.75759
-28.51463,6.5882406
35.274178,-17.126003
14.589771,-8.544679
-6.488566,4.435165
17.054594,6.3780437
7.933053,26.085295
15.8088875,29.279516
6.0807843,7.472439
6.757284,21.107174
1.7766443,2.0850725
28.993952,-15.689395
26.079098,-14.333047
-11.777406,1.3597945
-26.589151,4.9319344
27.622458,18.185093
21.334091,6.7005787
2.40312,12.326757
41.466305,10.810935
-11.124992,16.859985
26.790724,-5.6455617
17.417398,-20.227474
1.704453,-4.3834734
-34.335228,-10.170432
13.5081625,-1.735446
11.912645,15.274347
1.6018244,4.003683
8.386357,17.121254
-8.255691,9.125163
-57.868946,17.560259
1.4681894,-24.325668
11.446077,26.512606
-39.116245,-18.751749
33.95587,5.0824327
6.286665,18.568747
34.452614,7.4825172
-27.347271,12.794721
19.840824,-8.486706
19.955143,3.4958272
0.4073747,9.2874975
24.78905,-2.0877967
-9.702722,-5.398468
-40.434498,-19.242455
3.8094273,8.855724
-1.0307436,-12.453108
26.594976,-18.17092
-11.104067,14.106618
-62.835724,19.790575
0.3858753,-17.171328
-33.752808,-11.214699
28.617605,-17.496801
29.924623,1.5548781
7.029064,-9.825869
17.10578,4.3895764
-43.806763,-17.493404
25.69549,-9.490151
38.897182,-6.292021
23.364315,18.613441
11.047131,-23.480604
3.4788692,7.768408
-26.973394,15.192974
-21.358896,14.022499
31.487776,11.495095
19.234623,15.095297
3.4532688,-9.456108
-2.1952472,13.87021
43.29195,10.109242
34.669888,-8.008642
22.656221,-23.101732
-44.682056,-17.418846
0.95046437,1.1627746
20.421965,18.79301
12.176055,-9.827171
-34.3037,-10.429675
13.838332,8.0843525
1.504508,-12.721548
-25.372465,14.286656
-19.785131,12.647458
28.971645,-11.495464
-3.655856,5.9470654
-31.562525,-4.277461
12.6118145,18.512623
5.1628275,7.886787
31.01967,7.457157
0.197379,-0.9873354
-4.112603,15.501279
16.963408,-33.527363
20.708033,-21.161104
35.753075,15.143197
-41.446087,-19.132652
13.78087,25.526373
-30.433775,2.6461008
35.440334,15.759636
1.8858666,8.431715
2.5207882,-8.6056795
-47.64549,-16.965427
4.2685003,-8.590304
-32.68633,5.526777
-54.413666,-5.3047056
-50.218307,-14.0199175
35.036472,23.396051
16.415466,9.436997
-25.570026,13.319855
3.4695525,0.9392622
0.52923715,-11.258352
-27.805922,7.400788
-2.403998,15.849587
-54.341774,9.82736
7.9896836,-8.896375
20.998854,11.633327
29.378525,14.331495
24.589758,-2.2477071
-5.5098834,-10.010457
-3.0496848,-25.115957
40.10675,1.4259624
8.933265,-26.625341
-30.6966,-6.4604516
22.710943,19.701477
-35.06145,-13.174915
25.998795,26.251162
4.886689,-18.403305
-30.025019,-2.797802
6.707673,17.553225
9.16196,-22.100622
37.7357,2.276778
-3.7503262,-16.592028
25.971615,-18.545126
-0.45860624,-5.752109
-23.31395,12.455848
-33.97708,-7.968597
-2.5792413,17.921633
-2.7464447,-28.268644
4.6045966,-22.773544
12.876929,-14.61781
-36.800358,-10.170071
36.353336,-8.893325
46.312386,6.8844714
-34.224216,-11.718989
18.800491,3.7115438
25.085657,20.79253
15.965901,20.775059
22.809574,-6.008347
7.5821285,-0.37889177
-33.23316,-10.615534
6.367758,-2.874215
-35.787262,-17.835327
-32.90482,0.049488053
2.590163,-6.862216
-32.638737,7.8481455
8.401478,3.0790575
17.944565,-4.9465938
24.473047,-18.628975
-3.2726405,-7.0436916
-2.7884984,-21.475666
11.096739,-18.388172
-30.02883,3.2491791
-37.668148,-16.879427
-31.651218,6.234033
19.603176,34.09057
7.9252043,-3.0529926
28.145216,-21.256996
17.65042,-11.4926405
20.69027,-18.879158
-37.396133,-18.155073
25.24558,-4.357405
-36.418766,-15.618726
-54.915314,11.153841
12.819137,-0.029562227
9.015762,-1.4887301
-9.473709,6.5496435
-71.03944,16.66257
10.518486,0.36334336
-0.22698456,-8.061482
3.2207453,-4.3165727
-43.18715,-21.166939
-31.391556,2.1458523
38.0439,-20.269249
16.378946,-11.630612
-52.756626,-9.364804
-30.368729,-9.199979
-46.913475,-19.061338
-26.77093,11.613845
-44.292355,-17.049784
7.170239,-15.882301
18.744205,5.2236543
5.0721283,-2.8120065
-0.061797075,-11.902014
-12.572971,-15.840783
-4.7790356,-1.8054314
-23.221617,13.895187
-11.416238,9.791154
-34.84028,-9.432925
1.4163842,9.675245
-29.102522,7.5591335
14.005222,-2.8353167
15.796151,2.1242075
-18.484476,11.76312
17.238039,11.689385
15.228972,17.741608
9.564565,-6.2268047
28.020327,-9.900184
-33.84324,0.38462844
1.9249811,14.0499
38.564823,12.389088
2.465739,-18.806421
1.3357022,-10.019496
9.037798,-26.697239
-38.72276,-16.000114
-14.948186,8.057811
5.3069363,-22.332047
-55.588345,14.424344
-31.689203,-6.9074626
-39.8676,-17.761063
15.576894,24.015285
3.1368003,-11.909342
7.912647,-29.233702
34.50845,-15.729753
17.992935,-0.109903164
3.7423637,2.5597997
6.782544,6.613147
3.252548,-6.730581
20.055748,21.839869
-1.7661068,6.2713366
-33.589905,-10.030851
16.855396,-12.526089
21.496937,13.574526
-11.809253,-11.470438
-9.5149145,-0.2236772
-31.659779,-10.302481
33.43026,12.538629
33.71372,-3.23915
38.141792,-13.618573
38.992775,2.8369865
6.4932466,7.3661976
-29.35273,-1.1086919
45.69923,11.551688
41.884396,15.978546
-1.3909338,-10.728869
4.275686,19.147058
6.405787,5.6049986
-29.33765,1.5364158
39.72446,6.9186625
11.938618,9.384971
8.94873,-18.632402
-15.704962,-2.0845354
20.328276,18.46493
-27.779179,12.871937
15.799894,21.46934
16.733608,3.7295964
16.745089,-16.996246
-32.42722,5.6440063
11.622155,-17.218508
38.660133,-20.035378
28.368513,-0.35316795
-54.997326,-6.668727
16.613848,-5.4082103
6.427293,8.567854
33.92834,13.734099
16.830608,2.39686
16.990082,-10.751241
16.95883,0.697165
-6.9127216,-15.731512
38.295692,16.780704
-6.338588,8.920743
44.000416,0.038143188
12.591024,-1.2324905
4.888696,-32.06521
-0.205191,-8.126032
-11.157128,22.594923
17.701666,22.336086
-8.276238,15.156002
-37.657978,-15.1825285
11.68264,-9.946161
22.495779,16.816591
15.810949,14.284095
23.994473,-15.733739
17.813677,18.362413
-20.135595,13.6933565
-54.140053,-7.3777285
25.997213,22.689108
-0.7960099,12.03121
10.842674,-12.24206
38.047733,-11.695777
-10.418688,2.5561876
-1.6704264,9.03023
14.604403,9.189083
6.1832724,-1.3013295
-32.39888,3.5539773
35.207287,11.626091
39.631878,-10.111392
15.045854,-0.733547
34.479618,-3.4249659
-35.109394,-5.8366895
25.723557,0.6599079
22.868277,-26.363195
-4.8903675,16.013063
24.667168,18.087124
22.153128,-23.023218
2.9753287,-0.5917948
17.775429,31.385138
44.963863,-4.5396533
-28.783426,11.414657
14.913037,-5.916189
-8.902703,20.931517
8.401186,5.7366586
-76.45466,9.35637
-21.462128,14.102982
25.665506,-20.281935
4.507558,-0.5389113
17.036787,-9.537921
-38.735645,-16.880209
-55.296093,-8.257887
31.814463,5.2753525
23.854874,-0.87416744
33.307312,2.4574988
-27.902128,7.102983
-38.436153,-17.379173
-0.2134528,4.675714
17.967913,5.9928837
5.070252,-28.748432
-28.85489,3.7436345
11.987696,5.0243106
16.573366,9.616906
27.369827,-4.5678535
12.441916,-1.5880979
-70.47658,17.342936
17.197367,-19.453241
18.73832,12.624368
25.766447,-9.765066
2.8796623,20.97444
22.306568,14.584303
29.859694,-7.3275847
-19.902311,12.49875
30.709293,4.505749
16.321846,8.97396
27.911745,5.0124116
-34.208508,1.1834921
17.759747,-11.715719
-54.40059,-9.960827
19.484898,-6.4908876
19.97641,-8.570855
7.0367594,11.661927
35.627487,15.407456
30.447998,-1.1511208
-72.521,15.668592
8.546396,22.479692
-54.15022,3.461681
-35.220493,-2.4536064
-67.16139,19.168486
8.9300785,30.368475
-29.226595,8.75894
8.402016,5.907539
32.699425,26.219095
12.398513,8.603599
-52.094997,-14.02807
-3.6028252,7.5566454
18.212431,9.41282
23.285484,-5.4244394
-9.643127,4.40039
4.604039,5.95949
9.621294,24.0491
-33.228893,-12.488483
32.840816,12.3508215
27.439692,20.461418
-29.564663,8.78319
-32.956383,-8.464595
1.5343006,-6.765445
3.816038,8.429423
1.075023,-20.056309
-3.4110503,-11.661163
-4.61018,3.5018744
23.733244,-6.2847137
35.295662,-14.013899
3.0014532,-2.3287358
-27.874552,-2.4710317
-34.424828,-13.222736
-54.605404,-0.17358491
-72.54955,15.400091
3.3776069,-24.828382
20.024857,7.0484543
-4.2625146,-19.221512
-61.48926,19.59943
23.72872,-32.456013
11.3869705,24.681297
-41.44481,-20.13012
4.6200094,-15.112662
9.947645,-2.087862
-38.99501,-17.160976
42.03177,15.958609
19.20217,13.854893
20.29455,-9.651454
20.511902,-0.91123575
-35.389732,-12.578599
-77.95169,4.8381963
-31.593458,-0.79061526
-11.833252,-11.418662
37.96694,13.18146
2.8507051,-27.267464
-9.69413,4.4239593
35.832935,4.0874395
20.134476,-2.7236338
-32.348988,-2.3341837
13.336161,-20.478786
-6.5994844,8.3710985
41.774246,2.8828733
-7.803333,-7.530462
-22.322163,15.845802
-0.9364465,12.809635
6.2892003,-9.092426
6.6341815,28.543549
-32.065357,6.904981
-39.084045,-21.119686
15.842176,-25.373302
22.088829,2.9479487
-26.793436,12.802334
-53.931854,8.440461
26.049858,-9.959238
-24.563833,8.110352
-54.602154,-9.284844
36.798183,-15.602833
-0.38481966,7.120182
-7.647452,5.0313416
26.465782,10.627824
0.51594824,-20.777294
19.45839,-15.554067
3.6801045,-5.7389584
-76.56949,9.075228
9.924286,-8.238454
33.503178,13.174165
25.6016,16.241732
14.32034,6.9761662
-55.957638,-7.6091957
-55.099964,10.024266
16.819368,-13.704554
5.196245,12.027542
7.693521,-1.6829278
32.748577,9.8831415
30.632467,19.950665
-0.07816227,-9.776914
9.909452,4.804433
2.792126,15.317337
-53.45029,-8.205085
-10.875531,-2.7090538
12.175133,11.962749
16.093496,22.089289
20.326746,21.880949
18.158262,-16.467255
-32.49364,-12.0951395
-29.364122,-5.230047
44.28802,1.837051
28.472927,-26.011667
-0.052072715,9.905869
10.740597,-19.539907
13.614183,27.667397
-54.719788,-7.6391573
37.47386,0.09263006
19.18263,-15.301196
-26.817358,8.084533
48.927776,-2.8629327
16.705278,-14.086971
19.978855,1.6916006
13.864997,-22.992453
8.979573,30.270897
8.626471,8.4837885
15.54187,-15.7452965
20.080256,-6.6928625
22.654367,14.07123
8.086859,-5.4096527
-28.49246,-0.39354995
41.427963,13.038146
25.238077,7.3908663
-31.21019,0.30672225
-1.4972917,-1.4905739
25.511965,3.6228316
-40.16154,-19.824263
42.11531,0.22485948
23.651957,3.9613261
-48.35913,-16.173882
15.214469,-4.241809
13.29494,19.029999
-26.2121,10.792468
29.936895,-4.402399
15.398143,-25.291214
-35.526733,-15.2933655
-35.35458,-19.002367
2.6789048,-30.545988
-32.845745,-11.841519
16.844065,14.706892
-53.827698,8.679718
-54.689816,9.241639
41.85082,-5.448163
-13.238755,2.1039026
30.011194,24.805462
-10.857866,-2.027357
-63.592644,19.831007
-4.9733915,5.2974105
19.451574,-0.6959862
2.5301998,23.589571
-8.901662,-5.645691
17.480757,-11.6682
19.152918,15.988665
11.680027,-16.80974
47.558372,0.7676886
5.406449,-28.772629
5.994786,26.419788
-10.414334,19.207745
30.983128,27.832918
14.542336,3.9254355
23.7031,11.907499
-30.898,1.5213889
-4.8977222,-14.516465
-48.32101,-17.85633
-34.064793,-17.34463
-18.145967,14.163777
7.602879,13.682208
-26.254044,7.659377
14.506476,10.574909
23.435745,7.4542465
19.686756,-27.30668
12.498448,-3.2449071
25.679617,-24.191208
16.595537,-17.92042
15.873768,-7.8748665
18.809952,18.402124
-55.49157,7.580909
37.365402,-2.4419105
4.7857776,-9.593342
28.912529,5.968917
10.3044195,-6.40034
24.685997,-17.350046
26.969662,31.681402
-30.380215,12.125614
4.40828,-4.893003
8.465319,9.232429
5.850897,-10.678183
0.31377634,15.326318
2.769526,-23.135912
7.1557574,15.403009
-54.47395,-8.971265
-30.244656,-5.8369813
-55.08432,3.7432783
33.87595,5.1031237
-23.55713,13.745614
27.365486,7.5092826
24.220709,1.971162
32.728302,3.8511662
30.972416,18.208036
13.490217,5.429916
17.278143,10.978368
25.136383,-5.070859
3.0673678,-9.902746
2.5007973,11.551007
10.939073,21.317165
-32.424065,0.06338628
18.30587,26.213615
32.8824,9.101272
38.760437,-16.331324
23.577906,-6.3807654
4.712565,6.0775065
21.151457,-18.350191
2.8900185,-5.324128
-1.3203205,-7.219099
10.464361,-16.356148
18.982864,-14.243773
11.964228,-3.278595
-14.171412,-12.639299
-33.700974,6.158367
-2.3958356,16.192701
8.609168,26.555681
-32.98003,-3.422376
-27.665867,3.538884
2.3712037,-12.16063
31.89258,-5.9942236
-31.961779,-6.616919
41.341007,-3.3974557
-35.212223,-0.10571514
21.229235,18.596962
-14.583597,16.267149
22.5684,-4.005013
12.837287,-4.0063796
34.786755,-4.610511
25.593315,4.934732
2.3012547,8.78445
-46.379692,-17.615406
8.842561,7.4603305
-52.416176,-11.053005
15.242507,-20.005245
11.576381,26.488531
-35.070187,-9.339342
-3.1699712,-5.2255807
10.996586,-1.6148547
0.81371254,0.7837216
22.686852,-1.270846
27.68033,7.650827
-30.602398,-7.2595315
-46.10198,-18.436487
36.154835,12.642146
24.22442,-18.97276
11.989675,5.0773754
1.5554008,9.507341
30.782629,12.987287
8.797434,0.11700958
31.816952,2.2718678
41.71924,10.892064
-54.925323,-1.0427283
27.724493,16.505928
16.271137,9.651799
-31.53658,8.828109
17.40421,-13.556201
29.470785,-25.448877
-53.726364,-7.361186
11.275536,20.742287
24.408978,12.806051
14.630208,-23.148905
13.4449835,19.139126
-38.47542,-21.135647
33.619133,-16.897703
46.340286,8.164698
-32.716045,4.1733537
2.472908,-21.519331
13.681892,4.280172
18.6329,-26.804953
-6.7312493,-10.873251
13.491769,-0.31244054
7.502557,0.7911661
-33.490025,-4.398745
-13.485584,-2.8239908
36.936703,-17.8412
-34.874912,-4.546582
-53.71491,-7.458943
27.308006,-11.622486
41.119434,9.213948
39.258533,6.57007
18.624012,8.019293
-36.7938,-20.310698
1.9130073,-16.390411
2.4550443,5.727285
28.382399,-13.257578
2.7946212,-2.4735434
17.296322,8.289927
32.269077,-4.8759394
-1.0593528,-4.1016088
16.835766,-4.2421765
2.6111624,-12.005915
-22.351387,13.987751
22.45033,-14.067958
-3.052113,-25.165615
19.623838,-5.439167
48.329487,3.9034944
28.520977,-18.17131
-13.947029,-9.980552
-30.813076,-7.792275
28.801735,-23.038546
-31.034716,3.825615
12.326806,-1.8964483
6.134444,13.660883
-37.935318,-17.480024
17.82945,-1.0475833
26.737732,-8.046919
1.1755079,4.0632477
6.6469374,-11.681511
-0.42431325,30.057558
11.767126,7.640458
-32.030323,7.8864794
8.133493,-11.429559
-34.692757,-15.379798
31.39407,17.796238
-42.249107,-21.61893
31.730495,-5.688416
-38.159435,-19.69601
15.270244,-20.792181
11.992542,3.7273505
30.702538,19.62001
22.636158,-13.9235525
3.0292227,10.242676
10.491298,12.960136
18.940876,-8.044818
7.1427894,8.707972
23.348948,17.8884
-34.952873,-11.17622
30.340319,14.135886
-37.015354,-17.589146
-9.189075,-14.781766
-32.106956,4.141062
-5.2819943,3.917266
-8.03379,-0.2199687
-9.256756,-14.872841
14.912205,-10.792279
-5.6277776,12.415965
-34.17057,-13.783866
26.967485,2.4073606
27.527166,-29.99293
14.938739,12.168445
13.074734,12.083306
7.2049694,24.005531
3.3535836,1.1446748
8.430292,-23.862188
36.434753,-20.878431
-34.690292,-15.716471
19.223478,-20.434011
-34.112736,-1.034438
-29.480595,11.423366
17.333206,-4.712911
11.879826,16.794455
32.499588,19.817554
19.23944,-12.426131
44.272896,-7.4901614
24.683516,-3.6367664
-54.99789,10.081519
-4.5244946,8.271499
-2.6921682,9.037087
-6.059368,8.231266
9.4116955,23.907404
-1.9192677,-14.559901
37.926865,13.762822
-4.886622,-7.3634377
29.583426,21.544668
14.130937,31.84043
-8.572824,14.025677
22.333445,13.181659
26.19138,-11.694145
5.7504835,-7.7205715
9.259959,4.687454
39.052433,2.8645866
0.079397924,3.8066485
-70.57068,16.86978
22.601566,25.089975
45.22775,11.458788
26.406973,16.730091
14.187983,-30.744925
15.935792,21.19912
9.427931,-16.485277
-1.3974178,-1.7587619
-11.515653,9.746295
32.604958,-8.968592
6.553482,-17.370794
0.8719387,20.538092
11.717991,15.466046
15.654971,0.46420842
13.684126,-4.6381793
6.13234,3.3198204
-26.398346,12.858479
1.5856936,-7.805076
-53.365658,-8.948466
23.872267,-21.253454
3.529096,-3.9113798
12.371516,11.3880005
-1.1258471,24.430416
5.2535486,-4.2750473
-0.5285922,2.4140074
39.060688,21.265139
-28.42315,6.460836
2.9180653,-5.3779693
33.23383,7.104266
20.043358,-11.057565
36.13861,-9.940761
11.706456,-20.859755
-4.685556,-10.428781
-12.747351,4.0689726
24.673512,-6.8902345
10.617126,-13.473969
40.167362,4.555031
10.843475,-6.5974197
-10.560803,16.746742
21.652416,2.154965
26.496492,7.456547
36.80105,-17.767906
17.092762,-4.26471
10.7295,19.711615
15.945001,-4.3275237
29.619993,-13.073215
14.022642,-0.21971048
9.247537,-15.688072
23.77077,15.351662
-24.51933,12.409345
-29.04115,2.6757662
12.4612055,14.750611
29.393791,-6.522342
20.966002,15.289954
37.726173,22.24725
35.06124,8.314295
46.788185,-11.120096
-69.684326,18.059387
9.7929945,16.17029
-0.11837197,-13.270963
21.162542,-2.605353
21.023335,-13.393115
-31.102402,-4.811205
-21.516605,12.664683
1.3276684,25.040447
-35.183636,-8.464633
12.500192,-23.699184
6.049246,-22.713982
-4.1527243,0.0866924
-9.616755,2.2725008
33.20692,-15.57948
-29.177965,-2.5942163
9.699753,-5.281067
-31.91336,-0.80562055
8.413727,12.545617
11.58072,20.258514
25.471209,8.80472
28.99968,1.5834213
-53.731544,-10.464047
3.728875,11.420085
-6.8868814,9.586928
-1.188971,-9.168538
-28.48031,12.761037
34.922905,9.1446495
19.105278,13.750256
38.389538,21.686857
6.007396,0.01990524
-0.57980907,-7.8909326
38.730724,17.370552
20.113888,30.014202
11.228621,-0.5897147
1.0609113,-2.0441387
7.721416,-7.9044456
-65.91974,19.59637
30.319618,3.2373252
-30.38418,5.676545
3.3058932,-6.706909
-9.247835,-18.285625
-55.231243,3.1663878
22.419926,-19.834623
-0.17818709,27.258717
8.813716,2.8319921
44.875397,-3.045839
26.463293,-27.419878
-27.926033,8.843982
40.160027,1.3950174
-4.05006,8.960747
11.323545,20.750082
-9.049252,-9.194319
29.619081,4.013742
-73.85532,13.930443
39.80279,-1.4566499
-30.516005,6.0261173
27.008993,5.696587
-51.499924,-13.372834
29.954092,-8.683632
2.9947195,16.556446
-5.580824,19.604599
1.3821437,-7.417598
3.5060968,-22.455343
-55.452835,8.416018
-0.531067,-15.153209
6.543503,-11.631495
9.881903,-26.891132
-3.5082786,1.8771613
30.859642,-4.975339
14.501763,-17.32756
-4.866278,-14.122043
9.288814,19.880798
27.719223,5.3325143
23.984478,-2.9667823
-29.96101,3.2470624
34.594093,-25.528769
4.927455,-4.3352175
24.606272,0.58113253
-4.740958,13.947518
13.701801,9.941838
0.2440943,0.027790498
-8.934513,-5.4967093
30.467045,-13.538675
-32.051563,-14.598456
-26.127922,10.292042
-73.75145,14.010292
31.263878,-4.667923
9.7738,16.159924
-46.52551,-16.623373
18.21907,-1.7429034
18.6873,9.70207
26.342846,-14.882348
21.67999,-29.763464
16.027605,14.923599
-33.459255,-8.42081
5.602535,-14.049959
8.070793,-5.2447486
-54.091766,5.3517256
-38.78251,-17.594799
29.366766,17.160471
-27.375097,6.061683
18.870098,25.738455
-39.12437,-18.555315
29.67243,15.313641
-35.369007,-17.05157
-7.896153,2.1617365
20.505623,-6.841319
-7.1236067,1.918338
-38.871616,-18.239738
29.753029,18.72287
35.00006,2.7121086
-4.4693856,12.757922
11.540576,-6.318522
-8.670562,-0.71368396
-14.357751,16.305689
3.5452983,1.9533913
6.2104263,-1.1499861
27.70969,-7.987089
10.730554,-11.368053
32.870045,-2.6053274
32.05577,0.38906476
37.71745,7.426362
7.1552052,-7.8959384
-26.584856,15.208898
-32.973637,-7.982356
-12.763785,8.012163
20.265043,-21.601051
14.090558,15.681261
33.757874,7.393527
19.977438,-2.5876913
-4.4492664,-13.070262
-53.971085,-10.76764
-53.975258,-0.5900762
-54.959282,6.5947146
-4.8808775,16.33647
-11.275378,-8.066295
18.663996,-29.502808
9.612898,10.999126
12.999971,-25.355667
-3.057722,11.258969
-1.9887414,5.911281
28.26984,11.280507
34.92897,2.3088918
7.603202,-7.454474
15.45945,7.809488
26.084768,6.0207496
-1.8728814,10.395634
-4.1222177,-3.8578107
-27.49534,10.584725
-47.179363,-19.627232
26.864965,-3.0275621
25.561264,22.801311
5.203509,-3.9994447
20.602074,30.520363
25.460026,7.426022
-3.0176504,11.62518
41.88384,10.924029
-28.293892,0.25767514
17.660936,4.7671
16.963953,-4.411321
32.123352,6.041681
-8.896493,20.9289
-8.62087,-14.163249
30.728525,-0.66159296
13.6778,-11.178929
4.892498,-32.112633
8.282175,-18.609432
22.93821,9.809152
0.5823511,21.703064
-4.2377453,18.35649
16.443329,33.454433
21.984468,-24.99433
8.524635,22.614801
16.206905,5.997322
36.999996,4.2703123
39.31629,-9.046241
29.203623,-13.255669
11.949861,6.895161
0.5535828,21.745869
23.300987,-26.947638
-55.96455,14.681663
23.231085,5.5420113
-8.557439,-0.46228853
-25.81117,12.075774
18.683659,-17.793152
-52.45833,-8.186027
-5.281626,-12.689777
5.6099415,-10.06391
11.689475,2.365996
-7.8774633,-0.20362295
-30.065086,10.206182
0.46846244,-30.218672
-33.48738,-3.064227
-44.580288,-17.046703
-4.2015367,-12.938303
22.132973,9.147298
6.4747605,-1.3678703
29.386953,-1.562678
18.902191,-13.959384
26.992868,4.046325
-45.280212,-18.528074
-7.7941155,8.300157
13.494478,-6.8039546
39.179234,-3.7803576
3.981552,11.7850685
-5.9134183,15.996154
-63.32105,20.113625
10.720156,2.4282074
35.696,-3.1352816
-31.878958,2.598859
10.434997,14.4803
10.918631,-11.968365
6.364378,8.778124
41.85787,2.8322682
-27.78624,12.910206
-9.188697,-18.317997
-33.091038,-7.5167637
0.27052936,5.543786
31.70788,-9.83882
13.780591,-18.344387
5.033223,1.337956
30.724375,4.0898995
39.70631,-9.54315
-28.844332,2.0864704
-54.7532,-6.8547783
-65.42564,19.442184
-12.974232,-15.655963
2.1317475,0.29100406
-4.408658,6.693085
17.757545,-5.9016576
11.456755,16.948498
-12.875998,4.124498
-12.891789,-0.49337962
8.488287,3.3238473
-70.745186,16.795385
-1.5247672,-4.8691244
5.7667637,-15.256352
22.941708,17.360956
37.055958,-4.2551517
27.522985,-9.055878
29.522345,-11.274721
-70.44108,17.807196
-4.1921763,2.9425
-67.67689,18.912132
0.5324962,17.177343
-65.6457,19.769121
-38.03395,-21.286385
16.741974,3.3059397
-43.78154,-16.848448
20.760653,7.018408
0.24677867,-0.22476935
34.173378,23.364904
-32.311024,7.358504
-26.099442,12.87915
-6.4513464,-9.274627
14.389531,-9.605558
34.257473,-11.698326
42.373512,-1.0460008
23.448648,30.791277
-2.4353824,-2.532093
39.41349,-5.668717
4.6646457,17.292913
9.025502,20.092726
13.8558235,-9.262661
6.395749,1.5285794
-1.795154,-13.540375
21.825676,2.5457513
21.587278,-8.10725
36.29271,4.2619114
1.3995364,-14.154637
19.996515,-13.690089
17.936958,18.493624
3.4452147,-16.263597
-36.591362,-9.980797
23.444235,9.638287
0.8685633,-2.8967955
-11.220077,-18.895412
21.725742,-9.862766
28.7724,14.361635
30.134008,1.4224619
3.1913836,6.6396275
8.179366,13.268685
27.281803,1.4923866
13.650693,1.340849
21.044306,-4.1763873
27.562649,29.065805
20.359673,-0.7281514
0.51530063,-6.269217
38.73066,-16.736935
-31.26106,7.709472
-44.911545,-20.428293
-12.235183,-0.548189
26.737667,-7.787132
39.73873,7.123663
-6.2560396,-2.2858887
35.032177,-1.371708
-1.207056,18.20117
25.144213,28.26375
-6.123949,-24.005962
8.930946,1.815933
27.58525,25.231632
20.065138,-2.7856877
3.4646397,17.46298
-31.637413,5.671714
23.855564,-0.87014145
-3.4516678,2.0379362
10.130703,4.5118346
-10.19488,-7.3189216
0.6584485,5.3325076
22.248499,0.28563547
1.1168834,2.7731826
-35.05591,-4.2137403
4.0352674,-24.082949
-39.862045,-18.174213
0.16309418,-1.0597132
22.96562,-11.871194
15.616054,16.446636
-10.215255,-12.161181
-0.478896,10.242807
20.215029,2.4205546
0.588237,-7.7967896
14.360652,-23.054613
-29.290215,-1.1763235
36.48913,-5.609917
-19.684933,13.806815
26.604984,-20.902971
12.845273,13.948357
4.1958685,-13.580673
8.621477,15.049787
25.42612,11.658751
11.725351,22.981415
30.70294,-25.038235
9.528225,-11.478778
8.832747,7.3062963
4.8668904,2.1479304
29.95617,-8.028249
33.231983,-15.980594
12.54024,10.283648
5.83825,-1.2534443
22.877083,5.6243134
6.422879,-14.128553
-26.818172,13.883915
13.1276,-7.1593895
8.883767,7.357644
28.638092,-18.802109
43.343166,14.905532
29.070097,-14.720998
21.88075,-16.213102
17.320824,20.135967
19.117588,5.0511193
13.943983,2.0403454
-51.072067,-13.819991
-33.30047,-5.544178
-30.33123,5.88603
-54.09298,0.069204226
27.39902,20.343416
-56.0712,14.768552
6.8893642,24.26984
41.847076,-19.080002
-6.9109244,-15.604727
3.4738238,-16.397093
-65.259445,19.719187
-63.459984,19.781328
-7.6736355,18.375507
18.542574,-7.7666273
23.566528,9.615585
7.84515,-3.3553429
21.64893,-8.729618
14.647153,9.172217
-70.44872,17.539948
14.712313,2.9667847
6.517841,10.437849
15.39923,7.779673
-21.67139,14.30044
6.2740974,-6.448334
27.230743,-15.261652
0.8176773,-3.0063934
14.069318,13.446328
-2.7831168,-11.942299
10.430271,-10.157536
10.553643,13.746896
11.70133,-6.0847216
31.198439,-4.43434
4.51999,5.5072446
8.659653,26.556173
7.5004,2.516894
16.355276,-5.7429023
36.046886,6.901874
23.011082,12.043984
-3.5456626,-22.024979
43.682346,-7.971379
11.007098,7.3488374
42.47273,-9.140369
14.6643715,-1.1221169
13.586138,5.044452
29.567007,-2.9852915
32.12268,11.890057
-6.150239,-24.151344
6.1287823,-10.936045
9.857016,-8.173017
33.33368,-6.8902974
6.3896265,-2.989927
-7.750784,18.465734
-6.092862,0.6790848
19.028454,4.1333957
46.305035,7.875375
-4.95841,-10.201264
45.645508,-7.0960383
-8.539993,-2.6758454
41.966537,-18.067717
1.381305,-19.137705
38.5551,4.921532
-9.235733,-3.3510613
18.087658,-7.5568767
-13.785869,16.46032
-39.140476,-18.98658
16.532614,8.0712185
14.345249,11.101421
24.776987,17.593142
-27.141668,11.068843
20.314373,6.9843225
-5.5163546,-5.596988
34.46344,-5.4423623
-6.821931,17.468828
-3.9582367,0.29178077
14.568555,18.879467
19.014074,11.567077
47.579113,0.8128348
-29.477009,1.6729097
20.85749,13.798905
-6.5374365,-1.7961619
18.807392,3.8344717
17.047554,-22.811539
-2.0961313,-0.469051
-30.510513,-1.4718587
-30.206978,-11.869963
24.486185,2.6403584
10.134155,-2.214487
26.20776,-11.841434
4.920575,14.802528
21.796001,-21.71343
40.90613,15.298928
15.049933,-10.313803
14.012545,2.1052744
-3.0488877,-5.8023376
26.875793,-7.46531
31.001356,27.792454
30.55624,-13.424562
-75.493164,11.378704
28.807394,-2.413475
15.4447775,-7.3076854
-3.6294262,22.374323
22.592438,5.633129
5.349856,12.038872
-3.4460957,12.438283
-5.1594434,-14.931511
22.271013,-9.002148
3.6978066,9.401754
-34.432045,-13.016925
31.054205,0.98089534
-3.0121849,-6.5258026
4.428424,-14.536167
13.251718,-9.734716
27.486837,-5.802244
-28.12152,8.50269
14.122948,9.347958
-1.2960486,14.884838
22.008005,7.8941154
33.935608,-2.920987
-41.79492,-17.988867
23.79845,-4.5409613
24.877934,-25.292604
-6.254117,7.222012
36.340584,20.0938
31.25967,-26.003819
25.874367,-16.573608
48.830753,2.8888934
1.6438642,-1.3732607
-51.72157,-14.466255
15.413639,-21.009188
-7.4828577,-7.777141
22.251524,4.237003
0.9545354,11.753494
-53.94275,7.123637
18.837479,-23.396025
12.391943,-5.5960965
2.3542182,-11.820914
39.26305,-6.7613416
11.285043,17.122787
12.626103,0.12636067
33.334316,12.850084
32.84224,9.580744
5.9237986,-13.465472
-23.833103,9.501471
15.489933,-2.8935666
33.929207,-2.7781227
7.4788647,4.182697
11.918826,3.7835166
2.7323844,-12.86249
33.851284,-3.1256585
-47.607708,-16.52457
-45.152645,-17.994627
-29.408579,12.62609
23.874939,-9.30068
8.077765,-4.719467
28.284035,3.1735322
18.918633,-23.201551
-11.811787,5.8652005
-3.7428901,-2.6884604
-7.1031346,-13.211376
0.20784695,17.587463
6.3656535,5.787793
14.393056,2.5961335
11.809816,-8.3860855
40.05924,-1.5235933
36.52381,-7.0803137
23.56365,7.630097
24.379425,-18.550833
22.257017,0.63768595
15.0258875,-27.683907
-11.224286,10.652985
15.86215,-30.729095
31.13385,-8.836254
26.974936,10.553738
11.346091,-8.194993
-1.9994454,22.213102
15.03612,-4.207476
15.638609,-0.361597
11.207601,1.8850069
25.13675,-7.8273654
31.08499,-3.646616
32.806484,0.8534559
0.7558224,13.54332
13.790162,6.679916
12.309553,8.419734
35.041225,-11.755408
8.641082,33.66828
38.651295,4.9275866
-2.5656233,-10.0604
23.371569,-11.281352
25.109892,-2.4628558
25.86828,25.840942
-53.12925,-6.569791
8.906689,0.550595
42.033802,-0.77519625
-55.326515,-2.5870962
15.087512,-7.1210465
21.093687,8.856565
0.2958714,15.223815
-8.510946,-10.960476
5.090098,14.180777
21.81319,-21.685482
-53.791283,-7.7929263
8.825649,-9.700153
-1.6228105,19.962082
28.412792,-17.122202
7.732269,1.0406051
20.106161,-1.2886137
34.6663,-8.350355
20.468756,-0.6124189
29.11145,9.344552
15.646983,12.216087
19.624393,16.894392
1.9915704,-2.028612
23.390556,-21.178576
32.965385,-18.974855
30.758871,-15.873977
-32.078716,1.1416814
19.317366,-4.8912287
-3.0320406,-15.239318
21.699972,-2.7920454
-7.958396,-21.52959
2.792728,3.6454809
15.227203,-27.952713
20.941252,-12.482043
18.690655,5.055385
18.430088,3.3054254
32.22194,-13.082286
30.135519,7.009215
4.7182875,10.2934675
1.7874407,7.300314
12.598889,-1.2197438
19.760607,11.311942
23.654675,4.0996437
21.353088,-5.6539664
7.1978006,4.5244274
46.789593,-11.125524
13.403534,-24.986416
32.746414,18.909477
42.01376,-5.4497695
2.612148,-8.523068
23.511261,30.251951
15.764166,16.253681
-1.984212,24.886917
41.413837,6.317814
20.352278,18.535908
12.022608,1.3794981
35.648273,0.9634768
21.888275,3.6452403
6.0343823,2.2036905
37.840347,-12.274977
20.079672,19.655119
3.36736,12.658393
4.731505,-6.54768
35.210808,23.467403
15.207799,17.713846
16.039984,3.707508
23.96397,-15.7599125
-31.617292,-9.701549
-33.23692,-9.074401
-54.18817,6.4492936
6.394529,19.733788
22.596382,8.696592
17.219057,11.794747
18.207296,9.320482
2.4949021,5.8873405
12.365143,-3.2668202
-51.9489,-11.343096
21.364511,-11.902104
20.965902,-3.931245
12.257369,-8.993663
22.149326,0.71977675
-7.9771543,2.1115375
14.926471,-18.98444
-28.852732,5.439245
13.517299,-13.208907
-2.1057534,25.006186
21.043562,10.465281
29.903751,-11.522921
8.650422,33.6785
32.67951,26.274628
20.102274,-2.7841265
26.76067,16.979298
17.493557,13.062903
0.2803852,-4.931338
10.454251,4.8062057
27.730984,-13.879733
-3.1806533,14.281476
24.301073,20.927807
12.988105,6.522262
14.06892,15.787619
23.81686,2.9307008
17.825237,-6.506162
36.909096,-1.5898862
2.879829,15.2352
4.906477,-2.5824745
16.792597,-18.347279
-2.4869306,4.2739024
14.567221,-18.603443
39.037968,16.665668
3.354528,0.94562924
-9.380902,16.396915
33.884804,5.0403867
-8.891022,-9.638498
-2.636408,17.373905
14.570717,23.299944
-5.8512034,-2.3463657
33.59451,-22.400908
-5.67738,12.228875
17.737011,-4.1004543
15.468788,16.74385
-32.20435,-0.9084926
6.051694,9.006625
0.42312655,5.917211
-11.616967,-4.951029
-6.1206994,21.87051
5.682661,-26.344334
24.277893,12.653224
-62.461525,19.834175
-33.07205,6.6090503
26.937048,-0.001340977
5.8236713,31.362804
30.186153,10.687364
-20.05733,14.887882
10.720598,0.45918024
30.345493,21.822168
-43.508163,-18.248981
27.985252,-9.765879
-0.028235571,-10.028217
-1.473311,15.822607
19.315752,28.648476
5.8140717,3.3955083
30.795727,7.5996323
12.323985,-27.855114
15.692069,-10.504896
13.558191,-15.475546
23.050306,-5.9378605
6.432072,24.695366
19.209736,1.2807411
-2.1640368,9.044909
19.858614,-8.51678
-4.6899314,-0.400617
10.963088,-13.9404125
33.174576,-6.6214128
12.179862,14.058479
29.068363,1.5584962
24.305548,-18.387087
7.729248,11.686783
8.45721,-0.9850893
4.8554583,3.161976
8.137086,20.853512
2.0479958,12.828983
2.2381332,4.466806
2.8302832,12.559691
21.835823,6.490448
10.748029,-9.954452
19.258549,11.63994
16.610256,2.2234707
-35.301003,-6.9504557
8.511676,-23.85712
8.505239,-29.713701
24.540619,-29.271322
-0.97376746,-12.207684
30.581087,-28.042675
16.920341,-16.996387
-18.195623,10.881116
17.863337,-7.4127474
21.036297,7.5358186
27.59134,-9.034284
-14.905114,6.896335
-2.10023,-13.488053
17.392366,-15.265657
36.719387,10.300846
1.9593529,6.042951
3.078216,-22.6667
-8.568096,-10.888599
20.429743,10.369254
22.466906,16.66395
41.783634,2.885211
15.687731,3.769387
21.054956,-18.586483
22.324913,-7.257125
-29.249945,10.058511
21.566912,-10.009542
9.84999,8.248679
13.527295,27.658865
3.352971,-11.951111
30.119955,-1.4266651
-44.387386,-20.317179
4.792805,-7.420419
26.269644,18.034151
43.302696,14.914224
16.505932,28.423582
12.311109,-5.5183215
35.98248,6.5552254
-24.983696,15.09695
17.560085,20.020002
-0.6881125,0.56461275
10.844048,-1.3217771
-7.554835,-2.7039022
0.3977098,5.404866
-52.389206,-11.866714
17.619396,-21.644949
-1.0325656,30.336542
25.386951,-20.031036
20.017183,29.876657
34.96547,3.7563992
-4.5255146,-19.08312
-8.286124,-8.141466
-0.6749293,-14.595651
7.4412208,11.514736
6.729935,1.4293529
-8.083491,9.049614
23.352383,-7.057482
14.194156,-30.79825
40.92068,-9.147311
-2.1276405,8.965171
3.6551003,-0.9299
20.714647,8.4968
27.518888,-29.994093
31.034285,14.685906
4.606818,20.68664
-1.2328143,-13.660704
9.573472,-22.743473
-31.393663,-3.011106
33.96487,8.232196
22.511225,-9.099327
13.586092,14.110934
-2.4982715,4.2176943
3.6660607,-15.779383
4.927625,2.1835887
2.9590333,-23.069336
-1.4463305,-10.777479
-30.20258,-3.6130986
35.77459,-14.251061
7.249531,-9.71226
-3.811659,-18.714312
-10.423742,-14.89375
-46.599895,-16.647572
8.796762,10.983755
-10.223573,7.2820287
16.970312,-1.2185892
-0.25208232,-17.950932
-4.5938807,3.4373426
27.080605,-4.6380625
24.876514,-12.4789095
1.3514922,-7.3373365
18.385756,-0.9247582
-33.64837,6.718036
-11.981921,3.8073363
-50.36932,-14.3462715
-35.134758,-17.090523
5.334457,-6.640309
23.875065,-11.198512
-7.59821,14.149595
20.114544,0.5984499
-59.766457,18.88867
18.630129,2.2239776
14.941831,-6.0354877
1.6531434,-14.654903
19.786083,-16.063189
16.827047,7.6945777
35.06886,11.400698
-7.578625,-18.885582
10.669155,-13.770707
13.800247,25.397133
-8.33394,-6.435258
-32.939224,-13.689344
4.5320063,23.063686
11.052085,5.8550344
8.1278105,-14.509822
18.194735,7.334778
25.72427,3.6312144
32.05843,14.82701
7.9738145,-22.097282
19.865944,-16.391073
34.138855,-11.8243885
31.431087,-4.983334
5.890458,13.1636915
-3.832796,-15.946369
-31.091913,9.993496
12.251184,-31.90222
25.501339,-1.7282227
11.491613,-15.243933
-33.81333,6.0877185
11.33608,-24.796743
19.218613,24.288492
-30.369555,6.9725895
17.051191,0.93420637
22.044939,-23.185677
17.092682,6.3683968
11.213124,2.099099
10.209625,-1.7087994
4.12335,-20.512735
-40.28684,-19.516579
-26.94593,14.016027
17.802721,18.289246
23.528254,15.364407
20.158047,8.791921
1.027725,2.8395255
-55.144268,-2.7456825
25.60444,11.920199
3.464235,-9.30402
27.751232,22.772835
-2.3049142,-8.544262
8.775048,-24.396666
-7.6422353,11.212457
-55.09012,12.151584
33.127098,-6.644354
-0.7168863,-6.0211644
7.063137,-2.0863316
-54.972965,11.754011
14.835562,19.888094
-34.354095,-17.444134
5.8760333,-5.028441
-0.5675999,4.670793
-52.965267,-7.2521334
23.161427,-3.008972
-5.8438606,8.957003
28.604897,-25.841713
-3.8135922,-4.0942807
5.894329,-14.106878
14.351886,-8.699892
19.3583,5.1053133
-29.834927,0.32538888
-1.0405217,24.390919
-43.17498,-17.88703
19.583935,-4.1232586
5.6704993,-11.409137
21.567163,-9.747505
-0.29592532,-2.922046
21.838068,7.8236537
-11.15667,-0.5504158
25.374008,25.38521
1.6985732,3.3442476
30.81866,-15.934505
-8.544687,3.5335078
43.318707,12.007097
8.467547,-12.626664
9.022936,-18.267122
-27.96615,9.244166
18.442749,-26.710363
15.39987,-13.279639
20.97324,19.884977
19.441143,-20.219828
32.26391,22.744184
-14.749763,6.8641148
0.22152942,-26.848269
-33.39524,9.472509
-31.292864,0.8220205
31.729832,-0.91708815
16.361555,27.595346
13.099533,-16.363499
19.213812,-3.4404309
4.664237,17.135853
13.720215,15.346712
8.061682,5.4788494
23.456972,23.548538
-66.43072,19.539337
14.576119,20.793432
38.39256,-14.17918
36.009186,6.5371265
-4.002333,9.169022
19.241549,-12.407321
15.557837,13.889635
6.434752,-4.457151
6.604692,-4.4104543
14.256966,4.197402
34.03171,-19.768482
19.615097,-24.600105
14.296889,2.0888116
28.838253,-22.925776
17.912935,22.40758
-11.362621,14.151652
36.689507,4.2817583
15.385374,-15.155599
27.59593,18.195215
-14.173495,6.9104967
12.964626,14.386067
26.392286,3.4366958
36.39785,-6.0337358
23.207502,-7.9225364
-12.534934,-7.62313
22.171957,21.681229
29.119001,12.096111
11.76612,16.808586
28.358858,3.0844254
-7.154958,17.764381
31.735252,-22.340689
37.23653,9.28658
-7.5973496,5.084067
-0.6854743,-8.911556
23.869003,0.82969636
16.274813,-5.8278146
21.771942,21.829094
17.929138,2.4202049
18.057158,0.9798854
14.149533,-15.227253
-22.49416,14.077166
17.00857,4.5096264
6.9194355,21.042723
-0.13670367,-22.495985
-0.9179847,-1.3354813
9.706528,24.247135
38.822453,12.022332
42.083794,-0.643735
45.30904,-13.612449
26.10549,-15.9245825
3.819636,-3.6293614
-6.3112545,22.052305
3.2591383,-7.2456403
29.328201,-19.651562
15.23104,-12.908851
10.265897,14.050464
13.1250515,-7.211901
8.302071,2.9063408
31.39711,-26.121857
4.7140493,22.674067
6.3265834,1.1032481
6.425664,17.10735
-29.71859,5.251895
13.660394,21.845905
18.15025,14.7636795
23.152645,24.390623
23.48894,-8.362478
26.959074,9.464363
26.489666,-23.567373
9.608282,-30.550468
12.341794,8.653961
34.998318,-0.7092743
18.266727,-9.671303
30.642454,-11.049576
21.34597,16.749695
24.478752,2.6348197
26.905098,-11.420925
28.100887,10.707308
21.547497,0.6800138
12.097247,29.820848
10.770795,-3.8274107
-6.4967566,14.142098
12.403424,-3.3230147
-48.50616,-15.1065235
2.4201458,0.39266542
-54.409176,-2.0082347
-4.540971,13.169282
13.657838,-5.166153
3.8089817,-10.420629
15.240239,-2.058948
45.961613,-1.5215594
12.800381,3.2872045
29.533545,1.811019
29.023462,-6.715696
28.653685,-18.91333
-6.208291,-24.5803
32.555664,4.2310815
27.793354,-1.616481
43.145103,-11.850441
13.704536,-24.892904
-50.1515,-15.192918
-7.6150494,-19.268764
23.211596,6.009107
-7.6460204,-2.646129
12.25287,-15.003082
-6.1186976,-9.713882
24.85574,3.4067798
5.259407,9.180871
-12.158296,20.141554
37.242935,9.316613
33.423462,11.043606
9.689099,6.4135365
5.298138,10.788654
25.410915,-8.226714
19.47883,16.66417
-5.36991,1.5894092
8.87997,-1.9274428
-34.717976,-16.088787
26.890837,0.17543499
2.5399482,-17.593283
3.8804972,-14.473177
-52.99588,-12.618604
44.707886,4.44497
24.19411,-14.115648
-3.5804005,20.492146
27.948248,-17.878435
12.156932,11.398986
23.220316,-12.881393
22.574656,19.84257
2.7520182,16.035112
19.706717,-10.594402
9.599229,-16.581705
15.513158,1.3214657
15.0512705,6.654902
13.588075,-11.622758
9.990381,-26.950901
8.185598,-10.761897
36.20791,-21.221663
-3.9295518,29.020737
24.311285,-11.96628
15.415284,5.799873
17.13541,16.678625
16.020142,-8.91777
8.00678,-29.16538
9.105251,-21.026793
27.404762,0.9914941
5.3619633,-20.013628
40.49614,-12.327278
1.8585173,27.33093
15.304148,5.280087
32.770252,18.938078
-7.245923,-2.64846
22.204468,1.1853002
16.662703,7.891631
7.648598,-6.422694
-25.204672,11.512563
2.6705983,32.14093
-24.565462,7.932944
30.673923,-18.054708
10.1246805,12.304365
12.850033,18.632206
24.791574,5.6479216
45.966545,-1.4844298
19.616194,-17.921492
6.191751,-4.5297947
-7.3390255,-4.466585
-6.892641,0.41156578
24.519457,-4.2493434
-54.679523,6.640279
21.472021,-5.4682155
10.015062,6.6280622
24.69817,14.632329
35.12615,-0.7664543
24.672373,15.184551
-2.3343437,2.419178
11.554843,5.9503713
25.251112,-9.43049
-29.31175,13.752366
-2.2180507,3.0632594
34.938004,2.7539818
-11.413748,-8.084948
5.8221064,31.342865
12.991026,20.201181
48.917583,-2.849858
8.407881,5.941085
28.585938,-3.5790064
-49.05496,-18.404415
14.421954,-4.4387884
28.289568,-13.353581
-10.98544,-12.029835
22.1711,-1.1332353
15.398146,4.8440566
14.543694,-27.10136
19.305126,-4.0387244
9.316014,3.3138568
18.958645,0.25155708
25.919872,13.795755
48.290203,4.02942
8.713818,-2.0992937
-43.058033,-19.089579
35.53645,0.97623533
-43.09505,-17.806114
38.501484,8.630933
10.334176,-2.6079996
-34.55526,0.11444286
22.92599,2.004382
-35.096546,-11.36415
2.074494,1.6910725
15.700667,7.807206
-54.281704,7.0824437
9.586094,-13.091658
12.939208,1.6420685
16.725775,-2.0412989
18.782753,-30.204609
10.177315,-7.057445
20.220465,3.6118376
26.590658,15.713767
20.382248,-32.507282
32.21565,4.534298
29.391447,12.171
27.44832,13.168039
4.401374,23.498112
31.354671,-2.4942203
27.0073,10.591969
19.542927,1.9793912
-34.335243,-15.965907
25.622751,-23.9704
29.95325,-8.221176
-3.2909322,-11.77681
-5.0750923,-12.815675
18.452736,-26.383753
11.645187,-0.4408206
38.258686,0.3710293
35.832905,-1.0643854
36.15265,20.040176
-46.744045,-17.488928
4.3550143,-18.481659
7.083503,-15.950476
14.805178,19.399458
-54.760563,3.899354
-33.777805,-9.871896
27.015831,15.298931
26.84525,-3.0670776
25.606094,0.91680765
8.027743,-14.317103
37.831207,0.24287224
21.950256,25.634514
5.701543,-26.317404
9.647447,1.691853
13.797665,-2.6218305
28.974386,5.9702797
26.934608,-4.5119004
16.372173,-17.307598
31.630646,-16.422583
-6.571575,-5.926999
31.742456,-11.882996
39.17613,-3.7750144
11.456136,24.488453
40.31767,-1.5895153
1.4318687,-14.14296
30.660582,-25.369364
29.227795,-5.6355214
-4.0565195,-21.445704
1.6182811,7.51716
-31.17702,-9.044216
41.09064,9.164531
-4.520948,12.213079
17.388313,16.775988
4.594381,14.101672
28.643772,14.06532
16.391537,33.470947
28.915483,-4.6698217
26.275257,16.94498
13.127892,34.826866
3.84831,-1.2204753
-6.3327265,3.2038565
14.320862,-0.037068784
22.741386,13.903719
6.9543705,9.753377
-0.8854695,-14.121152
2.0741827,10.278519
2.1107357,-3.0343664
19.50589,-27.216875
13.478799,5.3394527
9.435756,10.493179
44.793262,3.8858807
42.7279,5.4543457
23.69873,-11.081336
29.328161,4.6234317
15.326612,-23.265297
25.022722,9.170985
-0.1622172,1.0325541
3.1303647,-17.164831
23.728971,7.306856
-11.486374,11.924394
39.014507,21.491919
29.055765,9.30364
13.911917,8.090468
11.551664,-21.6622
34.87675,19.773462
16.186138,19.353094
39.45175,21.764435
5.3065844,-21.05194
5.3422694,-1.1750135
13.970867,4.4464626
3.4337778,4.690257
-15.824369,-4.538512
-2.3598933,-1.30447
11.065818,9.668314
10.186218,14.097502
36.759888,-4.7584715
18.730742,-10.843222
17.644722,6.1365604
10.797471,10.791325
27.760748,5.413898
38.476254,-6.214338
18.295286,7.8063755
9.118307,-21.311033
20.152817,22.665508
-12.735566,-15.793483
12.742662,11.199852
28.277502,-1.9185847
30.004002,24.760082
19.101175,-15.217205
-55.520935,-1.7971711
16.179691,-1.1052257
26.873413,-21.037405
13.970309,16.367445
23.750261,-0.59892774
9.172067,-22.04111
2.7721186,15.364487
7.67968,0.32581598
16.491072,-13.66292
-2.6800377,-4.097022
-33.567795,1.925744
-23.616888,13.2671995
7.6874213,13.434265
-2.5385234,-28.189957
36.031227,-10.332333
3.7872326,-3.388042
20.584068,5.25087
9.923295,9.416161
-22.2044,15.812676
-1.6090528,19.93081
12.918295,-19.942673
15.70471,10.512048
-2.070224,5.7579494
10.787711,10.626081
-3.2258053,10.77181
41.901485,-15.304537
3.9440534,-1.5576272
-55.404774,1.5795804
21.49983,11.071976
17.737595,-13.728563
27.608736,-21.200773
28.89536,9.17669
18.62082,-17.88812
30.687067,9.403719
28.715528,-6.9910903
31.526937,7.56142
8.697749,-14.735439
15.633259,24.024727
32.783226,-14.649277
7.7981796,7.2853527
-6.2167873,7.2001686
4.466632,6.191267
-6.596201,22.583652
11.751722,5.8112235
4.519323,22.32191
24.919725,-6.5087075
16.716354,6.330792
17.163761,-9.345058
-7.903906,11.066814
-1.4279346,-4.2485337
9.580455,18.020647
22.183361,-25.367311
-2.2011743,-1.2337463
5.142494,0.65695417
-6.881786,-25.346273
9.915841,-0.62656015
17.81812,20.205364
10.423315,20.656555
5.507275,12.453802
9.035231,-19.209301
30.61223,-6.224822
25.278902,22.850096
13.438257,-11.12874
19.724028,1.6581004
3.8656533,26.112509
-5.5076294,1.461978
1.459043,-15.266088
-35.19655,3.1718183
14.592497,-25.18382
4.8881855,-16.466566
6.19493,13.626894
-35.315193,-14.202459
8.441615,-17.05945
3.691579,8.148195
27.146492,1.3093997
-6.218078,-9.554275
-6.1787133,-4.080936
6.974263,-5.147661
-9.044579,11.501689
20.25435,-12.589542
17.847313,-0.8866422
-38.119987,-16.5593
13.734377,10.161924
-4.3772626,5.4180355
16.452663,-7.698225
0.5941189,-20.414707
8.3752165,15.4574995
7.0853195,-12.809588
3.072154,-17.474754
0.8216959,24.029896
-0.9390533,12.721366
21.700014,12.166374
-3.4410105,-22.283056
6.417082,17.471992
18.869106,11.4659195
-33.70966,-4.7573047
19.59844,-19.945208
8.17803,-28.526028
-2.0195112,8.108332
-6.3182178,22.075912
12.056945,1.4630839
20.979929,26.856781
41.245872,-1.0972499
14.753527,-7.1159973
8.767254,-3.562701
-24.463354,13.4190445
-43.043823,-20.801437
23.331573,18.764263
17.616154,-7.659114
-5.6102896,-0.03943733
-0.6528129,11.845356
-28.84952,7.240248
18.726374,10.446877
-7.9177575,6.1634088
-5.73754,10.831578
9.1110735,13.972318
31.326479,2.3069932
15.127466,-0.9101515
36.006935,-9.911458
10.158708,21.940182
33.86056,-22.406458
6.186565,5.397212
17.104092,-11.638705
31.493977,2.2697663
10.031495,12.315149
6.0593514,-28.872272
41.4631,20.142225
6.2213864,-20.744568
0.5137022,16.88572
37.938972,-6.099563
14.77162,10.519803
0.9743751,10.55577
-38.09431,-18.49538
-48.911545,-15.092685
43.15119,-1.603207
25.205545,-5.2894297
41.86032,-15.275712
7.5060163,13.396417
24.172207,-9.314152
33.380177,19.17829
15.17271,-0.22938305
28.74828,-0.41222975
6.789297,-19.118322
32.26352,-22.36985
5.3920803,3.8033376
2.4937286,20.438185
7.784653,3.5507045
17.911238,9.568393
29.008518,19.429892
10.1526,16.011156
8.023617,-14.553396
14.022571,22.486504
-6.4366403,4.292731
24.519775,-4.0034394
-11.481464,14.184712
15.3387575,12.063675
29.196276,7.5125384
24.061357,10.487869
35.425552,6.056085
-2.1079788,-23.039158
14.138024,-3.0804584
30.441368,17.055618
25.841793,19.616964
13.208906,-13.155542
8.100408,-17.078846
15.644537,-9.524348
11.767038,-6.5449486
-32.299347,-5.0360813
-32.3366,-9.267072
-34.41765,-12.134095
-54.11787,-6.254671
41.45416,20.15494
8.283579,21.381535
33.057487,8.994562
-5.4929833,-7.426365
0.1474253,-4.9437385
-2.132643,13.687493
-2.9622,-28.334894
13.424399,6.844812
20.984486,2.7917182
6.289575,5.70286
28.628767,13.72725
32.776447,13.575216
6.350784,15.111768
7.1716347,11.439109
27.320913,-10.800128
16.234161,29.149942
-34.980606,3.3272653
-27.683786,10.171172
7.103954,-7.1851935
-38.48273,-19.213451
24.468313,-6.864598
-0.44324556,6.97916
-33.90437,2.0564053
-32.25946,-15.231695
4.1835027,0.39475176
10.092961,-10.067943
13.223314,2.7416089
-0.9492532,-19.9763
33.059307,23.64373
25.196005,11.470446
24.944529,9.598602
-4.346021,24.279877
25.611687,-24.469843
21.22419,16.742277
35.751293,1.0040505
-10.718153,16.777184
10.73145,-12.921317
21.08889,-1.5427084
4.9616213,-12.322146
21.216959,0.6067139
5.951972,3.7705264
-14.8978405,6.1846504
37.3028,-1.8477238
-16.179964,-8.04205
27.352495,2.0877886
-11.490092,7.867047
-2.9261818,14.87992
16.255545,-7.2671266
21.900806,10.909899
20.283539,23.177984
2.6523283,32.17971
-1.5693425,6.5546484
34.30809,7.8157907
22.947687,-2.7067754
18.584875,26.0021
21.170677,-18.649733
26.66031,-4.7246776
8.134675,20.964449
11.754674,12.225365
9.93178,12.212503
4.4653516,4.5448046
36.54959,-20.724796
16.04958,14.736728
1.7145313,-4.4540963
28.904057,11.996245
18.047598,-27.327957
32.732437,-0.65130925
10.463524,2.6234393
3.566316,14.905086
9.085162,-6.142802
15.00777,-12.373797
27.776295,22.788673
11.4232235,7.4271812
23.317953,23.655169
15.290638,18.16954
8.950643,27.908587
18.271547,-2.816689
24.016891,1.3648634
21.959562,-2.681524
6.1010733,-2.37764
31.680607,-8.500772
46.532696,-7.1310434
24.558104,7.306786
-33.140247,1.4380795
13.498744,-5.505609
5.896951,-20.713717
-54.63856,-4.044717
-10.619306,25.067528
8.408849,-7.2083974
24.953964,-12.633724
6.430314,-12.667602
-5.4207315,-2.1878145
31.836725,5.204828
4.9628086,15.770212
-10.176561,2.330644
34.925102,11.3873005
-22.386745,12.883277
-55.457687,-0.29356217
-55.068066,0.7651446
38.38731,-20.080956
16.67506,29.517153
2.0997303,14.773995
10.4307,8.85752
15.825955,12.333055
10.686803,0.42637205
25.070978,-1.8194952
8.30268,9.659946
15.966984,-7.490876
-0.7955286,30.207874
-1.4167979,21.906488
34.659077,-8.22046
11.116448,-24.870394
-11.790303,5.904894
-5.9081144,-5.6779313
8.088977,20.966396
